<?xml version="1.0" encoding="UTF-8"?>
<project-private xmlns="http://www.netbeans.org/ns/project-private/1">
    <editor-bookmarks xmlns="http://www.netbeans.org/ns/editor-bookmarks/2" lastBookmarkId="0"/>
    <open-files xmlns="http://www.netbeans.org/ns/projectui-open-files/2">
        <group>
            <file>file:/C:/Users/aniket/Desktop/FeeReportSystem/src/feereportsystem/Namrata.html</file>
            <file>file:/C:/Users/aniket/Desktop/FeeReportSystem/src/feereportsystem/StudentInfo.java</file>
            <file>file:/C:/Users/aniket/Desktop/FeeReportSystem/src/feereportsystem/Update.java</file>
            <file>file:/C:/Users/aniket/Desktop/FeeReportSystem/src/feereportsystem/Namrata.java</file>
            <file>file:/C:/Users/aniket/Desktop/FeeReportSystem/src/feereportsystem/Search_Student.java</file>
            <file>file:/C:/Users/aniket/Desktop/FeeReportSystem/src/feereportsystem/Home.java</file>
            <file>file:/C:/Users/aniket/Desktop/FeeReportSystem/src/feereportsystem/FeeReportSystem.java</file>
            <file>file:/C:/Users/aniket/Desktop/FeeReportSystem/src/feereportsystem/Login.java</file>
        </group>
    </open-files>
</project-private>
